<?xml version="1.0" encoding="utf-8" standalone="yes" ?>
<rss version="2.0" xmlns:atom="http://www.w3.org/2005/Atom">
  <channel>
    <title>Machines Learn</title>
    <link>https://asrst.github.io/authors/admin/</link>
      <atom:link href="https://asrst.github.io/authors/admin/index.xml" rel="self" type="application/rss+xml" />
    <description>Machines Learn</description>
    <generator>Source Themes Academic (https://sourcethemes.com/academic/)</generator><language>en-us</language><lastBuildDate>Tue, 05 Feb 2019 00:00:00 +0000</lastBuildDate>
    <image>
      <url>https://asrst.github.io/img/icon-192.png</url>
      <title>Machines Learn</title>
      <link>https://asrst.github.io/authors/admin/</link>
    </image>
    
    <item>
      <title>Display Jupyter Notebooks with Academic</title>
      <link>https://asrst.github.io/post/jupyter/</link>
      <pubDate>Tue, 05 Feb 2019 00:00:00 +0000</pubDate>
      <guid>https://asrst.github.io/post/jupyter/</guid>
      <description>

&lt;pre&gt;&lt;code class=&#34;language-python&#34;&gt;from IPython.core.display import Image
Image(&#39;https://www.python.org/static/community_logos/python-logo-master-v3-TM-flattened.png&#39;)
&lt;/code&gt;&lt;/pre&gt;

&lt;p&gt;&lt;img src=&#34;./academic_0_0.png&#34; alt=&#34;png&#34; /&gt;&lt;/p&gt;

&lt;pre&gt;&lt;code class=&#34;language-python&#34;&gt;print(&amp;quot;Welcome to Academic!&amp;quot;)
&lt;/code&gt;&lt;/pre&gt;

&lt;pre&gt;&lt;code&gt;Welcome to Academic!
&lt;/code&gt;&lt;/pre&gt;

&lt;h2 id=&#34;install-python-and-jupyter&#34;&gt;Install Python and Jupyter&lt;/h2&gt;

&lt;p&gt;&lt;a href=&#34;https://www.anaconda.com/distribution/#download-section&#34; target=&#34;_blank&#34;&gt;Install Anaconda&lt;/a&gt; which includes Python 3 and Jupyter notebook.&lt;/p&gt;

&lt;p&gt;Otherwise, for advanced users, install Jupyter notebook with &lt;code&gt;pip3 install jupyter&lt;/code&gt;.&lt;/p&gt;

&lt;h2 id=&#34;create-a-new-blog-post-as-usual-https-sourcethemes-com-academic-docs-managing-content-create-a-blog-post&#34;&gt;Create a new blog post &lt;a href=&#34;https://sourcethemes.com/academic/docs/managing-content/#create-a-blog-post&#34; target=&#34;_blank&#34;&gt;as usual&lt;/a&gt;&lt;/h2&gt;

&lt;p&gt;Run the following commands in your Terminal, substituting &lt;code&gt;&amp;lt;MY_WEBSITE_FOLDER&amp;gt;&lt;/code&gt; and &lt;code&gt;my-post&lt;/code&gt; with the file path to your Academic website folder and a name for your blog post (without spaces), respectively:&lt;/p&gt;

&lt;pre&gt;&lt;code class=&#34;language-bash&#34;&gt;cd &amp;lt;MY_WEBSITE_FOLDER&amp;gt;
hugo new  --kind post post/my-post
cd &amp;lt;MY_WEBSITE_FOLDER&amp;gt;/content/post/my-post/
&lt;/code&gt;&lt;/pre&gt;

&lt;h2 id=&#34;create-or-upload-a-jupyter-notebook&#34;&gt;Create or upload a Jupyter notebook&lt;/h2&gt;

&lt;p&gt;Run the following command to start Jupyter within your new blog post folder. Then create a new Jupyter notebook (&lt;em&gt;New &amp;gt; Python Notebook&lt;/em&gt;) or upload a notebook.&lt;/p&gt;

&lt;pre&gt;&lt;code class=&#34;language-bash&#34;&gt;jupyter notebook
&lt;/code&gt;&lt;/pre&gt;

&lt;h2 id=&#34;convert-notebook-to-markdown&#34;&gt;Convert notebook to Markdown&lt;/h2&gt;

&lt;pre&gt;&lt;code class=&#34;language-bash&#34;&gt;jupyter nbconvert Untitled.ipynb --to markdown --NbConvertApp.output_files_dir=.

# Copy the contents of Untitled.md and append it to index.md:
cat Untitled.md | tee -a index.md

# Remove the temporary file:
rm Untitled.md
&lt;/code&gt;&lt;/pre&gt;

&lt;h2 id=&#34;edit-your-post-metadata&#34;&gt;Edit your post metadata&lt;/h2&gt;

&lt;p&gt;Open &lt;code&gt;index.md&lt;/code&gt; in your text editor and edit the title etc. in the &lt;a href=&#34;https://sourcethemes.com/academic/docs/front-matter/&#34; target=&#34;_blank&#34;&gt;front matter&lt;/a&gt; according to your preference.&lt;/p&gt;

&lt;p&gt;To set a &lt;a href=&#34;https://sourcethemes.com/academic/docs/managing-content/#featured-image&#34; target=&#34;_blank&#34;&gt;featured image&lt;/a&gt;, place an image named &lt;code&gt;featured&lt;/code&gt; into your post&amp;rsquo;s folder.&lt;/p&gt;

&lt;p&gt;For other tips, such as using math, see the guide on &lt;a href=&#34;https://sourcethemes.com/academic/docs/writing-markdown-latex/&#34; target=&#34;_blank&#34;&gt;writing content with Academic&lt;/a&gt;.&lt;/p&gt;
</description>
    </item>
    
  </channel>
</rss>
