<?xml version="1.0" encoding="utf-8" standalone="yes" ?>
<rss version="2.0" xmlns:atom="http://www.w3.org/2005/Atom">
  <channel>
    <title>Publication_types | Machines Learn</title>
    <link>https://asrst.github.io/publication_types/</link>
      <atom:link href="https://asrst.github.io/publication_types/index.xml" rel="self" type="application/rss+xml" />
    <description>Publication_types</description>
    <generator>Source Themes Academic (https://sourcethemes.com/academic/)</generator><language>en-us</language>
    <image>
      <url>https://asrst.github.io/img/icon-192.png</url>
      <title>Publication_types</title>
      <link>https://asrst.github.io/publication_types/</link>
    </image>
    
  </channel>
</rss>
