<?xml version="1.0" encoding="utf-8" standalone="yes" ?>
<rss version="2.0" xmlns:atom="http://www.w3.org/2005/Atom">
  <channel>
    <title>Authors | Machines Learn</title>
    <link>https://asrst.github.io/authors/</link>
      <atom:link href="https://asrst.github.io/authors/index.xml" rel="self" type="application/rss+xml" />
    <description>Authors</description>
    <generator>Source Themes Academic (https://sourcethemes.com/academic/)</generator><language>en-us</language><lastBuildDate>Tue, 05 Feb 2019 00:00:00 +0000</lastBuildDate>
    <image>
      <url>https://asrst.github.io/img/icon-192.png</url>
      <title>Authors</title>
      <link>https://asrst.github.io/authors/</link>
    </image>
    
    <item>
      <title></title>
      <link>https://asrst.github.io/authors/admin/</link>
      <pubDate>Tue, 05 Feb 2019 00:00:00 +0000</pubDate>
      <guid>https://asrst.github.io/authors/admin/</guid>
      <description>&lt;p&gt;Satya Ram is an early stage professional, working as Data Analyst. He codes and writes about it.&lt;/p&gt;
</description>
    </item>
    
  </channel>
</rss>
