<?xml version="1.0" encoding="utf-8" standalone="yes" ?>
<rss version="2.0" xmlns:atom="http://www.w3.org/2005/Atom">
  <channel>
    <title>Machines Learn</title>
    <link>https://asrst.github.io/</link>
      <atom:link href="https://asrst.github.io/index.xml" rel="self" type="application/rss+xml" />
    <description>Machines Learn</description>
    <generator>Source Themes Academic (https://sourcethemes.com/academic/)</generator><language>en-us</language><lastBuildDate>Sat, 07 Sep 2019 00:00:00 +0000</lastBuildDate>
    <image>
      <url>https://asrst.github.io/img/icon-192.png</url>
      <title>Machines Learn</title>
      <link>https://asrst.github.io/</link>
    </image>
    
    <item>
      <title></title>
      <link></link>
      <pubDate>Mon, 01 Jan 0001 00:00:00 +0000</pubDate>
      <guid></guid>
      <description></description>
    </item>
    
    <item>
      <title>Posts</title>
      <link>https://asrst.github.io/post/</link>
      <pubDate>Mon, 01 Jan 0001 00:00:00 +0000</pubDate>
      <guid>https://asrst.github.io/post/</guid>
      <description></description>
    </item>
    
    <item>
      <title>Publications</title>
      <link>https://asrst.github.io/publication/</link>
      <pubDate>Mon, 01 Jan 0001 00:00:00 +0000</pubDate>
      <guid>https://asrst.github.io/publication/</guid>
      <description></description>
    </item>
    
    <item>
      <title>Recent &amp; Upcoming Talks</title>
      <link>https://asrst.github.io/talk/</link>
      <pubDate>Mon, 01 Jan 0001 00:00:00 +0000</pubDate>
      <guid>https://asrst.github.io/talk/</guid>
      <description></description>
    </item>
    
  </channel>
</rss>
